Workbook

Sheet Instructions
A1: Agent KPI Tracker — Instructions
A4: WHAT THIS WORKBOOK DOES
A5: Tracks your daily performance on 7 KPIs: FCR, Resolution, AHT, Sentiment, Improvement
A6: Interaction, OSA, and Adherence. It flags which KPIs are below target and shows the gap
A7: to close for each one.
A9: HOW TO USE IT
A10: 1. Go to the 'Targets' tab first and set your goal for each KPI (yellow cells only).
A11: 2. Every day, go to 'Daily Tracker' and add a new row at the bottom with that day's date
A12: and numbers. Only the YELLOW cells need input — everything else (status, colors)
A13: calculates automatically.
A14: 3. Check the 'Dashboard' tab any time to see your trend charts and the 'Needs Improvement'
A15: panel, which shows how far each score is from target.
... A43: Adherence % = Adherence to assigned schedule (higher is better)

Sheet Targets
A1: KPI | B1: Target | C1: Direction | D1: Notes
A2: FCR % | B2: 0.65 | C2: Higher is better | D2: First Contact Resolution target
A3: Resolution % | B3: 0.8 | C3: Higher is better | D3: Case Resolution target
A4: AHT (minutes) | B4: 365 | C4: Lower is better | D4: Average Handle Time target, in minutes
A5: Sentiment | B5: 1.5 | C5: Higher is better | D5: Customer sentiment / CSAT target
A6: Improvement Interaction | B6: 2 | C6: Higher is better | D6: Min. coaching/improvement actions per day
A7: OSA % | B7: 0.87 | C7: Higher is better | D7: Overall Schedule Adherence target
A8: Adherence % | B8: 0.95 | C8: Higher is better | D8: Schedule Adherence target

Sheet Daily Tracker
A1: DAILY KPI TRACKER — enter new data in a new row each day
A2: Date | B2: FCR % | C2: Resolution % | D2: AHT (mm:ss) | E2: AHT (min) | F2: Sentiment | G2: Improvement Interaction | H2: OSA % | I2: Adherence % | J2: FCR Status | K2: Resolution Status | L2: Overall Status
A3: 46296 | B3: 0.8 | C3: 0.91 | D3: 00:05:30 | E3: =IF(D3="","",D3*1440) -> 5.5 | F3: 1.65 | G3: 6 | H3: 0.96 | I3: 0.97 | J3: =IF(B3="","",IF(B3>=Targets!$B$2,"On Target","Needs Improvement")) -> On Target | K3: =IF(C3="","",IF(C3>=Targets!$B$3,"On Target","Needs Improvement")) -> On Target | L3: =IF(B3="","",IF(AND(B3>=Targets!$B$2,C3>=Targets!$B$3,E3<=Targets!$B$4,F3>=Targets!$B$5,G3>=Targets!$B$6,H3>=Targets!$B$7,I3>=Targets!$B$8),"On Target","Needs Improvement")) -> On Target
A4: 46309 | B4: 0.75 | C4: 0.2 | E4: =IF(D4="","",D4*1440) | J4: =IF(B4="","",IF(B4>=Targets!$B$2,"On Target","Needs Improvement")) -> On Target | K4: =IF(C4="","",IF(C4>=Targets!$B$3,"On Target","Needs Improvement")) -> Needs Improvement | L4: =IF(B4="","",IF(AND(B4>=Targets!$B$2,C4>=Targets!$B$3,E4<=Targets!$B$4,F4>=Targets!$B$5,G4>=Targets!$B$6,H4>=Targets!$B$7,I4>=Targets!$B$8),"On Target","Needs Improvement")) -> Needs Improvement
E5: =IF(D5="","",D5*1440) | J5: =IF(B5="","",IF(B5>=Targets!$B$2,"On Target","Needs Improvement")) | K5: =IF(C5="","",IF(C5>=Targets!$B$3,"On Target","Needs Improvement")) | L5: =IF(B5="","",IF(AND(B5>=Targets!$B$2,C5>=Targets!$B$3,E5<=Targets!$B$4,F5>=Targets!$B$5,G5>=Targets!$B$6,H5>=Targets!$B$7,I5>=Targets!$B$8),"On Target","Needs Improvement"))
E6: =IF(D6="","",D6*1440) | J6: =IF(B6="","",IF(B6>=Targets!$B$2,"On Target","Needs Improvement")) | K6: =IF(C6="","",IF(C6>=Targets!$B$3,"On Target","Needs Improvement")) | L6: =IF(B6="","",IF(AND(B6>=Targets!$B$2,C6>=Targets!$B$3,E6<=Targets!$B$4,F6>=Targets!$B$5,G6>=Targets!$B$6,H6>=Targets!$B$7,I6>=Targets!$B$8),"On Target","Needs Improvement"))
E7: =IF(D7="","",D7*1440) | J7: =IF(B7="","",IF(B7>=Targets!$B$2,"On Target","Needs Improvement")) | K7: =IF(C7="","",IF(C7>=Targets!$B$3,"On Target","Needs Improvement")) | L7: =IF(B7="","",IF(AND(B7>=Targets!$B$2,C7>=Targets!$B$3,E7<=Targets!$B$4,F7>=Targets!$B$5,G7>=Targets!$B$6,H7>=Targets!$B$7,I7>=Targets!$B$8),"On Target","Needs Improvement"))
E8: =IF(D8="","",D8*1440) | J8: =IF(B8="","",IF(B8>=Targets!$B$2,"On Target","Needs Improvement")) | K8: =IF(C8="","",IF(C8>=Targets!$B$3,"On Target","Needs Improvement")) | L8: =IF(B8="","",IF(AND(B8>=Targets!$B$2,C8>=Targets!$B$3,E8<=Targets!$B$4,F8>=Targets!$B$5,G8>=Targets!$B$6,H8>=Targets!$B$7,I8>=Targets!$B$8),"On Target","Needs Improvement"))
E9: =IF(D9="","",D9*1440) | J9: =IF(B9="","",IF(B9>=Targets!$B$2,"On Target","Needs Improvement")) | K9: =IF(C9="","",IF(C9>=Targets!$B$3,"On Target","Needs Improvement")) | L9: =IF(B9="","",IF(AND(B9>=Targets!$B$2,C9>=Targets!$B$3,E9<=Targets!$B$4,F9>=Targets!$B$5,G9>=Targets!$B$6,H9>=Targets!$B$7,I9>=Targets!$B$8),"On Target","Needs Improvement"))
E10: =IF(D10="","",D10*1440) | J10: =IF(B10="","",IF(B10>=Targets!$B$2,"On Target","Needs Improvement")) | K10: =IF(C10="","",IF(C10>=Targets!$B$3,"On Target","Needs Improvement")) | L10: =IF(B10="","",IF(AND(B10>=Targets!$B$2,C10>=Targets!$B$3,E10<=Targets!$B$4,F10>=Targets!$B$5,G10>=Targets!$B$6,H10>=Targets!$B$7,I10>=Targets!$B$8),"On Target","Needs Improvement"))
E11: =IF(D11="","",D11*1440) | J11: =IF(B11="","",IF(B11>=Targets!$B$2,"On Target","Needs Improvement")) | K11: =IF(C11="","",IF(C11>=Targets!$B$3,"On Target","Needs Improvement")) | L11: =IF(B11="","",IF(AND(B11>=Targets!$B$2,C11>=Targets!$B$3,E11<=Targets!$B$4,F11>=Targets!$B$5,G11>=Targets!$B$6,H11>=Targets!$B$7,I11>=Targets!$B$8),"On Target","Needs Improvement"))
E12: =IF(D12="","",D12*1440) | J12: =IF(B12="","",IF(B12>=Targets!$B$2,"On Target","Needs Improvement")) | K12: =IF(C12="","",IF(C12>=Targets!$B$3,"On Target","Needs Improvement")) | L12: =IF(B12="","",IF(AND(B12>=Targets!$B$2,C12>=Targets!$B$3,E12<=Targets!$B$4,F12>=Targets!$B$5,G12>=Targets!$B$6,H12>=Targets!$B$7,I12>=Targets!$B$8),"On Target","Needs Improvement"))
E13: =IF(D13="","",D13*1440) | J13: =IF(B13="","",IF(B13>=Targets!$B$2,"On Target","Needs Improvement")) | K13: =IF(C13="","",IF(C13>=Targets!$B$3,"On Target","Needs Improvement")) | L13: =IF(B13="","",IF(AND(B13>=Targets!$B$2,C13>=Targets!$B$3,E13<=Targets!$B$4,F13>=Targets!$B$5,G13>=Targets!$B$6,H13>=Targets!$B$7,I13>=Targets!$B$8),"On Target","Needs Improvement"))
E14: =IF(D14="","",D14*1440) | J14: =IF(B14="","",IF(B14>=Targets!$B$2,"On Target","Needs Improvement")) | K14: =IF(C14="","",IF(C14>=Targets!$B$3,"On Target","Needs Improvement")) | L14: =IF(B14="","",IF(AND(B14>=Targets!$B$2,C14>=Targets!$B$3,E14<=Targets!$B$4,F14>=Targets!$B$5,G14>=Targets!$B$6,H14>=Targets!$B$7,I14>=Targets!$B$8),"On Target","Needs Improvement"))
E15: =IF(D15="","",D15*1440) | J15: =IF(B15="","",IF(B15>=Targets!$B$2,"On Target","Needs Improvement")) | K15: =IF(C15="","",IF(C15>=Targets!$B$3,"On Target","Needs Improvement")) | L15: =IF(B15="","",IF(AND(B15>=Targets!$B$2,C15>=Targets!$B$3,E15<=Targets!$B$4,F15>=Targets!$B$5,G15>=Targets!$B$6,H15>=Targets!$B$7,I15>=Targets!$B$8),"On Target","Needs Improvement"))
E16: =IF(D16="","",D16*1440) | J16: =IF(B16="","",IF(B16>=Targets!$B$2,"On Target","Needs Improvement")) | K16: =IF(C16="","",IF(C16>=Targets!$B$3,"On Target","Needs Improvement")) | L16: =IF(B16="","",IF(AND(B16>=Targets!$B$2,C16>=Targets!$B$3,E16<=Targets!$B$4,F16>=Targets!$B$5,G16>=Targets!$B$6,H16>=Targets!$B$7,I16>=Targets!$B$8),"On Target","Needs Improvement"))
... E63: =IF(D63="","",D63*1440) | J63: =IF(B63="","",IF(B63>=Targets!$B$2,"On Target","Needs Improvement")) | K63: =IF(C63="","",IF(C63>=Targets!$B$3,"On Target","Needs Improvement")) | L63: =IF(B63="","",IF(AND(B63>=Targets!$B$2,C63>=Targets!$B$3,E63<=Targets!$B$4,F63>=Targets!$B$5,G63>=Targets!$B$6,H63>=Targets!$B$7,I63>=Targets!$B$8),"On Target","Needs Improvement"))

Sheet Dashboard
A1: PERFORMANCE DASHBOARD
A3: LATEST DAY SNAPSHOT
A5: FCR % | D5: Resolution % | G5: AHT (min) | J5: Sentiment
A6: =IFERROR(INDEX('Daily Tracker'!$B$3:$B$63,COUNT('Daily Tracker'!$B$3:$B$63)),"") -> 0.75 | D6: =IFERROR(INDEX('Daily Tracker'!$C$3:$C$63,COUNT('Daily Tracker'!$C$3:$C$63)),"") -> 0.2 | G6: =IFERROR(INDEX('Daily Tracker'!$E$3:$E$63,COUNT('Daily Tracker'!$E$3:$E$63)),"") -> 5.5 | J6: =IFERROR(INDEX('Daily Tracker'!$F$3:$F$63,COUNT('Daily Tracker'!$F$3:$F$63)),"") -> 1.65
A8: ="Target: "&TEXT(Targets!$B$2,"0.0%") -> Target: 65.0% | D8: ="Target: "&TEXT(Targets!$B$3,"0.0%") -> Target: 80.0% | G8: ="Target: "&TEXT(Targets!$B$4,"0.00") -> Target: 365.00 | J8: ="Target: "&TEXT(Targets!$B$5,"0.00") -> Target: 1.50
A9: Improvement Interaction | D9: OSA % | G9: Adherence %
A10: =IFERROR(INDEX('Daily Tracker'!$G$3:$G$63,COUNT('Daily Tracker'!$G$3:$G$63)),"") -> 6 | D10: =IFERROR(INDEX('Daily Tracker'!$H$3:$H$63,COUNT('Daily Tracker'!$H$3:$H$63)),"") -> 0.96 | G10: =IFERROR(INDEX('Daily Tracker'!$I$3:$I$63,COUNT('Daily Tracker'!$I$3:$I$63)),"") -> 0.97
A12: ="Target: "&TEXT(Targets!$B$6,"0") -> Target: 2 | D12: ="Target: "&TEXT(Targets!$B$7,"0.0%") -> Target: 87.0% | G12: ="Target: "&TEXT(Targets!$B$8,"0.0%") -> Target: 95.0%
A18: NEEDS IMPROVEMENT — GAP TO TARGET
A19: All scores below are reported to you daily (FCR/Resolution via the customer's post-call email survey, the rest via your system/third-party report) — none can be added to after the fact, so this panel shows the gap to close, not a call count to hit.
A20: KPI | B20: Current | C20: Target | D20: Gap | E20: Status / Note
A21: FCR % | B21: =IFERROR(INDEX('Daily Tracker'!$B$3:$B$63,COUNT('Daily Tracker'!$B$3:$B$63)),"") -> 0.75 | C21: =Targets!$B$2 -> 0.65 | D21: =C21-B21 -> -0.1 | E21: =IF(B21="","No data yet",IF(B21>=C21,"On target - no action needed","Close a "&TEXT(C21-B21,"0.0%")&" FCR gap vs. target (survey-reported, not call-volume driven)")) -> On target - no action needed
A22: Resolution % | B22: =IFERROR(INDEX('Daily Tracker'!$C$3:$C$63,COUNT('Daily Tracker'!$C$3:$C$63)),"") -> 0.2 | C22: =Targets!$B$3 -> 0.8 | D22: =C22-B22 -> 0.6 | E22: =IF(B22="","No data yet",IF(B22>=C22,"On target - no action needed","Close a "&TEXT(C22-B22,"0.0%")&" Resolution gap vs. target (survey-reported, not call-volume driven)")) -> Close a 60.0% Resolution gap vs. target (survey-reported, not call-volume driven)
A23: AHT (min) | B23: =IFERROR(INDEX('Daily Tracker'!$E$3:$E$63,COUNT('Daily Tracker'!$E$3:$E$63)),"") -> 5.5 | C23: =Targets!$B$4 -> 365 | D23: =B23-C23 -> -359.5 | E23: =IF(B23="","No data yet",IF(B23<=C23,"On target - no action needed","Cut average handle time by "&TEXT(B23-C23,"0.00")&" minutes per call")) -> On target - no action needed
A24: Sentiment | B24: =IFERROR(INDEX('Daily Tracker'!$F$3:$F$63,COUNT('Daily Tracker'!$F$3:$F$63)),"") -> 1.65 | C24: =Targets!$B$5 -> 1.5 | D24: =C24-B24 -> -0.15 | E24: =IF(B24="","No data yet",IF(B24>=C24,"On target - no action needed","Close a "&TEXT(C24-B24,"0.00")&" sentiment-score gap vs. target")) -> On target - no action needed
A25: Improvement Interaction | B25: =IFERROR(INDEX('Daily Tracker'!$G$3:$G$63,COUNT('Daily Tracker'!$G$3:$G$63)),"") -> 6 | C25: =Targets!$B$6 -> 2 | D25: =C25-B25 -> -4 | E25: =IF(B25="","No data yet",IF(B25>=C25,"On target - no action needed","Complete "&TEXT(C25-B25,"0")&" more improvement interaction(s) today")) -> On target - no action needed
A26: OSA % | B26: =IFERROR(INDEX('Daily Tracker'!$H$3:$H$63,COUNT('Daily Tracker'!$H$3:$H$63)),"") -> 0.96 | C26: =Targets!$B$7 -> 0.87 | D26: =C26-B26 -> -0.09 | E26: =IF(B26="","No data yet",IF(B26>=C26,"On target - no action needed","Close a "&TEXT(C26-B26,"0.0%")&" OSA gap vs. target")) -> On target - no action needed
A27: Adherence % | B27: =IFERROR(INDEX('Daily Tracker'!$I$3:$I$63,COUNT('Daily Tracker'!$I$3:$I$63)),"") -> 0.97 | C27: =Targets!$B$8 -> 0.95 | D27: =C27-B27 -> -0.02 | E27: =IF(B27="","No data yet",IF(B27>=C27,"On target - no action needed","Close a "&TEXT(C27-B27,"0.0%")&" adherence gap vs. target")) -> On target - no action needed
A30: TRENDS
