Workbook

Sheet Instructions
A1: Excel Practice: VLOOKUP + Pivot Tables
A3: This workbook simulates a typical Operations/Data Admin task: combining data from
A4: separate reference tables and summarizing it.
A6: TABS IN THIS WORKBOOK:
A7: • Orders - raw order data (needs VLOOKUP to complete columns G, H, I, J)
A8: • Customers - lookup table of customer info
A9: • Products - lookup table of product info
A10: • Pivot_Practice - a flat copy of completed order data; build a Pivot Table here
A11: • Answer_Key - completed formulas + what your Pivot Table should show
A13: TASK 1 - VLOOKUP (do this in the 'Orders' tab):
A14: 1. In column G (CustomerName), use VLOOKUP to pull the matching customer name
A15: from the Customers tab, based on the CustomerID in column B.
... A39: that's the real test of whether your formulas are dynamic, not hardcoded.

Sheet Customers
A1: CustomerID | B1: CustomerName | C1: Segment
A2: C001 | B2: Alden Manufacturing | C2: Enterprise
A3: C002 | B3: Brightwave Retail | C3: SMB
A4: C003 | B4: Coastal Logistics | C4: Enterprise
A5: C004 | B5: Delgado & Sons | C5: SMB
A6: C005 | B6: Everline Foods | C6: Mid-Market
A7: C006 | B7: Finch Hardware | C7: SMB
A8: C007 | B8: Garrison Textiles | C8: Mid-Market
A9: C008 | B9: Harmon Electronics | C9: Enterprise

Sheet Products
A1: ProductID | B1: ProductName | C1: UnitPrice
A2: P100 | B2: Shipping Labels (box) | C2: 12.5
A3: P101 | B3: Packing Tape (roll) | C3: 4.25
A4: P102 | B4: Warehouse Gloves (pair) | C4: 7
A5: P103 | B5: Pallet Wrap (roll) | C5: 18.75
A6: P104 | B6: Barcode Scanner | C6: 95
A7: P105 | B7: Storage Bin (large) | C7: 22

Sheet Orders
A1: OrderID | B1: CustomerID | C1: ProductID | D1: Quantity | E1: Region | F1: CustomerName | G1: ProductName | H1: UnitPrice | I1: TotalSale
A2: O1001 | B2: C002 | C2: P100 | D2: 12 | E2: East
A3: O1002 | B3: C004 | C3: P101 | D3: 3 | E3: North
A4: O1003 | B4: C002 | C4: P104 | D4: 7 | E4: North
A5: O1004 | B5: C001 | C5: P100 | D5: 4 | E5: South
A6: O1005 | B6: C001 | C6: P104 | D6: 4 | E6: West
A7: O1006 | B7: C004 | C7: P103 | D7: 10 | E7: East
A8: O1007 | B8: C001 | C8: P101 | D8: 12 | E8: West
A9: O1008 | B9: C006 | C9: P102 | D9: 3 | E9: South
A10: O1009 | B10: C006 | C10: P100 | D10: 2 | E10: West
A11: O1010 | B11: C002 | C11: P102 | D11: 14 | E11: East
A12: O1011 | B12: C005 | C12: P100 | D12: 12 | E12: West
A13: O1012 | B13: C002 | C13: P103 | D13: 2 | E13: East
... A21: O1020 | B21: C003 | C21: P103 | D21: 7 | E21: East
A24: Yellow cells = fill in with your own VLOOKUP / formula

Sheet Pivot_Practice
A1: OrderID | B1: CustomerID | C1: ProductID | D1: Quantity | E1: Region | F1: CustomerName | G1: ProductName | H1: UnitPrice | I1: TotalSale | J1: Segment
A2: O1001 | B2: C002 | C2: P100 | D2: 12 | E2: East | F2: Brightwave Retail | G2: Shipping Labels (box) | H2: 12.5 | I2: 150 | J2: SMB
A3: O1002 | B3: C004 | C3: P101 | D3: 3 | E3: North | F3: Delgado & Sons | G3: Packing Tape (roll) | H3: 4.25 | I3: 12.75 | J3: SMB
A4: O1003 | B4: C002 | C4: P104 | D4: 7 | E4: North | F4: Brightwave Retail | G4: Barcode Scanner | H4: 95 | I4: 665 | J4: SMB
A5: O1004 | B5: C001 | C5: P100 | D5: 4 | E5: South | F5: Alden Manufacturing | G5: Shipping Labels (box) | H5: 12.5 | I5: 50 | J5: Enterprise
A6: O1005 | B6: C001 | C6: P104 | D6: 4 | E6: West | F6: Alden Manufacturing | G6: Barcode Scanner | H6: 95 | I6: 380 | J6: Enterprise
A7: O1006 | B7: C004 | C7: P103 | D7: 10 | E7: East | F7: Delgado & Sons | G7: Pallet Wrap (roll) | H7: 18.75 | I7: 187.5 | J7: SMB
A8: O1007 | B8: C001 | C8: P101 | D8: 12 | E8: West | F8: Alden Manufacturing | G8: Packing Tape (roll) | H8: 4.25 | I8: 51 | J8: Enterprise
A9: O1008 | B9: C006 | C9: P102 | D9: 3 | E9: South | F9: Finch Hardware | G9: Warehouse Gloves (pair) | H9: 7 | I9: 21 | J9: SMB
A10: O1009 | B10: C006 | C10: P100 | D10: 2 | E10: West | F10: Finch Hardware | G10: Shipping Labels (box) | H10: 12.5 | I10: 25 | J10: SMB
A11: O1010 | B11: C002 | C11: P102 | D11: 14 | E11: East | F11: Brightwave Retail | G11: Warehouse Gloves (pair) | H11: 7 | I11: 98 | J11: SMB
A12: O1011 | B12: C005 | C12: P100 | D12: 12 | E12: West | F12: Everline Foods | G12: Shipping Labels (box) | H12: 12.5 | I12: 150 | J12: Mid-Market
A13: O1012 | B13: C002 | C13: P103 | D13: 2 | E13: East | F13: Brightwave Retail | G13: Pallet Wrap (roll) | H13: 18.75 | I13: 37.5 | J13: SMB
... A21: O1020 | B21: C003 | C21: P103 | D21: 7 | E21: East | F21: Coastal Logistics | G21: Pallet Wrap (roll) | H21: 18.75 | I21: 131.25 | J21: Enterprise

Sheet Answer_Key
A1: Answer Key - Task 1 (VLOOKUP formulas)
A3: OrderID | B3: CustomerID | C3: ProductID | D3: Quantity | E3: Region | F3: CustomerName | G3: ProductName | H3: UnitPrice | I3: TotalSale
A4: =Orders!A2 -> O1001 | B4: =Orders!B2 -> C002 | C4: =Orders!C2 -> P100 | D4: =Orders!D2 -> 12 | E4: =Orders!E2 -> East | F4: =VLOOKUP(B4, Customers!$A$2:$C$9, 2, FALSE()) -> Brightwave Retail | G4: =VLOOKUP(C4, Products!$A$2:$C$7, 2, FALSE()) -> Shipping Labels (box) | H4: =VLOOKUP(C4, Products!$A$2:$C$7, 3, FALSE()) -> 12.5 | I4: =D4*H4 -> 150
A5: =Orders!A3 -> O1002 | B5: =Orders!B3 -> C004 | C5: =Orders!C3 -> P101 | D5: =Orders!D3 -> 3 | E5: =Orders!E3 -> North | F5: =VLOOKUP(B5, Customers!$A$2:$C$9, 2, FALSE()) -> Delgado & Sons | G5: =VLOOKUP(C5, Products!$A$2:$C$7, 2, FALSE()) -> Packing Tape (roll) | H5: =VLOOKUP(C5, Products!$A$2:$C$7, 3, FALSE()) -> 4.25 | I5: =D5*H5 -> 12.75
A6: =Orders!A4 -> O1003 | B6: =Orders!B4 -> C002 | C6: =Orders!C4 -> P104 | D6: =Orders!D4 -> 7 | E6: =Orders!E4 -> North | F6: =VLOOKUP(B6, Customers!$A$2:$C$9, 2, FALSE()) -> Brightwave Retail | G6: =VLOOKUP(C6, Products!$A$2:$C$7, 2, FALSE()) -> Barcode Scanner | H6: =VLOOKUP(C6, Products!$A$2:$C$7, 3, FALSE()) -> 95 | I6: =D6*H6 -> 665
A7: =Orders!A5 -> O1004 | B7: =Orders!B5 -> C001 | C7: =Orders!C5 -> P100 | D7: =Orders!D5 -> 4 | E7: =Orders!E5 -> South | F7: =VLOOKUP(B7, Customers!$A$2:$C$9, 2, FALSE()) -> Alden Manufacturing | G7: =VLOOKUP(C7, Products!$A$2:$C$7, 2, FALSE()) -> Shipping Labels (box) | H7: =VLOOKUP(C7, Products!$A$2:$C$7, 3, FALSE()) -> 12.5 | I7: =D7*H7 -> 50
A8: =Orders!A6 -> O1005 | B8: =Orders!B6 -> C001 | C8: =Orders!C6 -> P104 | D8: =Orders!D6 -> 4 | E8: =Orders!E6 -> West | F8: =VLOOKUP(B8, Customers!$A$2:$C$9, 2, FALSE()) -> Alden Manufacturing | G8: =VLOOKUP(C8, Products!$A$2:$C$7, 2, FALSE()) -> Barcode Scanner | H8: =VLOOKUP(C8, Products!$A$2:$C$7, 3, FALSE()) -> 95 | I8: =D8*H8 -> 380
A9: =Orders!A7 -> O1006 | B9: =Orders!B7 -> C004 | C9: =Orders!C7 -> P103 | D9: =Orders!D7 -> 10 | E9: =Orders!E7 -> East | F9: =VLOOKUP(B9, Customers!$A$2:$C$9, 2, FALSE()) -> Delgado & Sons | G9: =VLOOKUP(C9, Products!$A$2:$C$7, 2, FALSE()) -> Pallet Wrap (roll) | H9: =VLOOKUP(C9, Products!$A$2:$C$7, 3, FALSE()) -> 18.75 | I9: =D9*H9 -> 187.5
A10: =Orders!A8 -> O1007 | B10: =Orders!B8 -> C001 | C10: =Orders!C8 -> P101 | D10: =Orders!D8 -> 12 | E10: =Orders!E8 -> West | F10: =VLOOKUP(B10, Customers!$A$2:$C$9, 2, FALSE()) -> Alden Manufacturing | G10: =VLOOKUP(C10, Products!$A$2:$C$7, 2, FALSE()) -> Packing Tape (roll) | H10: =VLOOKUP(C10, Products!$A$2:$C$7, 3, FALSE()) -> 4.25 | I10: =D10*H10 -> 51
A11: =Orders!A9 -> O1008 | B11: =Orders!B9 -> C006 | C11: =Orders!C9 -> P102 | D11: =Orders!D9 -> 3 | E11: =Orders!E9 -> South | F11: =VLOOKUP(B11, Customers!$A$2:$C$9, 2, FALSE()) -> Finch Hardware | G11: =VLOOKUP(C11, Products!$A$2:$C$7, 2, FALSE()) -> Warehouse Gloves (pair) | H11: =VLOOKUP(C11, Products!$A$2:$C$7, 3, FALSE()) -> 7 | I11: =D11*H11 -> 21
A12: =Orders!A10 -> O1009 | B12: =Orders!B10 -> C006 | C12: =Orders!C10 -> P100 | D12: =Orders!D10 -> 2 | E12: =Orders!E10 -> West | F12: =VLOOKUP(B12, Customers!$A$2:$C$9, 2, FALSE()) -> Finch Hardware | G12: =VLOOKUP(C12, Products!$A$2:$C$7, 2, FALSE()) -> Shipping Labels (box) | H12: =VLOOKUP(C12, Products!$A$2:$C$7, 3, FALSE()) -> 12.5 | I12: =D12*H12 -> 25
A13: =Orders!A11 -> O1010 | B13: =Orders!B11 -> C002 | C13: =Orders!C11 -> P102 | D13: =Orders!D11 -> 14 | E13: =Orders!E11 -> East | F13: =VLOOKUP(B13, Customers!$A$2:$C$9, 2, FALSE()) -> Brightwave Retail | G13: =VLOOKUP(C13, Products!$A$2:$C$7, 2, FALSE()) -> Warehouse Gloves (pair) | H13: =VLOOKUP(C13, Products!$A$2:$C$7, 3, FALSE()) -> 7 | I13: =D13*H13 -> 98
A14: =Orders!A12 -> O1011 | B14: =Orders!B12 -> C005 | C14: =Orders!C12 -> P100 | D14: =Orders!D12 -> 12 | E14: =Orders!E12 -> West | F14: =VLOOKUP(B14, Customers!$A$2:$C$9, 2, FALSE()) -> Everline Foods | G14: =VLOOKUP(C14, Products!$A$2:$C$7, 2, FALSE()) -> Shipping Labels (box) | H14: =VLOOKUP(C14, Products!$A$2:$C$7, 3, FALSE()) -> 12.5 | I14: =D14*H14 -> 150
A15: =Orders!A13 -> O1012 | B15: =Orders!B13 -> C002 | C15: =Orders!C13 -> P103 | D15: =Orders!D13 -> 2 | E15: =Orders!E13 -> East | F15: =VLOOKUP(B15, Customers!$A$2:$C$9, 2, FALSE()) -> Brightwave Retail | G15: =VLOOKUP(C15, Products!$A$2:$C$7, 2, FALSE()) -> Pallet Wrap (roll) | H15: =VLOOKUP(C15, Products!$A$2:$C$7, 3, FALSE()) -> 18.75 | I15: =D15*H15 -> 37.5
... A23: =Orders!A21 -> O1020 | B23: =Orders!B21 -> C003 | C23: =Orders!C21 -> P103 | D23: =Orders!D21 -> 7 | E23: =Orders!E21 -> East | F23: =VLOOKUP(B23, Customers!$A$2:$C$9, 2, FALSE()) -> Coastal Logistics | G23: =VLOOKUP(C23, Products!$A$2:$C$7, 2, FALSE()) -> Pallet Wrap (roll) | H23: =VLOOKUP(C23, Products!$A$2:$C$7, 3, FALSE()) -> 18.75 | I23: =D23*H23 -> 131.25
A26: Answer Key - Task 2 (Expected Pivot Table: Sum of TotalSale by Region x Segment)
A28: Region | B28: Enterprise | C28: Mid-Market | D28: SMB | E28: Grand Total
A29: East | B29: 219.25 | C29: 56 | D29: 473 | E29: 748.25
A30: North | B30: 0 | C30: 330 | D30: 1117.25 | E30: 1447.25
A31: South | B31: 1232 | C31: 0 | D31: 21 | E31: 1253
A32: West | B32: 431 | C32: 150 | D32: 25 | E32: 606
A33: Grand Total | B33: 1882.25 | C33: 536 | D33: 1636.25 | E33: 4054.5
A35: Note: your exact numbers depend on your random practice data matching this key's data (seeded), so use this mainly to check your PROCESS -- that your Pivot Table is set up correctly (Region in Rows, Segment in Columns, Sum of TotalSale in Values).
